"관리기관명",소재지도로명주소,소재지지번주소,설치목적구분,카메라대수,카메라화소수,촬영방면정보,보관일수,설치년월,관리기관전화번호,위도,경도,데이터기준일자
"대구광역시청",대구광역시 달성군 구지면 응암리 646,대구광역시 달성군 구지면 응암리 646,교통정보수집,1,200,자동차 진행 방면,,2016-11,053-803-4573,35.647368,128.415547,2019-06-21
"대구광역시청",대구광역시 달성군 구지면 화산리 704,대구광역시 달성군 구지면 화산리 704,교통정보수집,1,200,자동차 진행 방면,,2016-11,053-803-4573,35.664422,128.399093,2019-06-21
"대구광역시청",대구광역시 동구 국채보상로 827,대구광역시 동구 신천3동 850-6,교통단속,1,130,버스전용차로 차량 진행방면,,1999-11,053-803-4887,35.8684012,128.6202472,2019-06-21
"대구광역시청",대구광역시 동구 국채보상로 827,대구광역시 동구 신천3동 850-6,교통단속,1,130,버스전용차로 차량 진행방면,,1999-11,053-803-4887,35.8684012,128.6202472,2019-06-21
"대구광역시청",대구광역시 북구 관문동 618-49,대구광역시 북구 관문동 618-49,교통단속,1,130,버스전용차로 차량 진행방면,,2000-04,053-803-4887,35.902207,128.547110,2019-06-21
"대구광역시청",대구광역시 동구 아양로 245,대구광역시 동구 신암동 1575,교통단속,1,130,버스전용차로 차량 진행방면,,2003-02,053-803-4887,35.8823794,128.6255254,2019-06-21
"대구광역시청",대구광역시 동구 아양로 245,대구광역시 동구 신암동 1575,교통단속,1,130,버스전용차로 차량 진행방면,,2003-02,053-803-4887,35.8823794,128.6255254,2019-06-21
"대구광역시청",대구광역시 북구 관문동 618-49,대구광역시 북구 관문동 618-49,교통단속,1,130,버스전용차로 차량 진행방면,,2003-02,053-803-4887,35.902207,128.547110,2019-06-21
"대구광역시청",대구광역시 동구 동촌로 127,대구광역시 동구 검사동 908-5,교통단속,1,130,버스전용차로 차량 진행방면,,2004-01,053-803-4887,35.8861564,128.655665,2019-06-21
"대구광역시청",대구광역시 동구 동촌로 127,대구광역시 동구 검사동 908-5,교통단속,1,130,버스전용차로 차량 진행방면,,2004-01,053-803-4887,35.8861564,128.655665,2019-06-21
"대구광역시청",대구광역시 수성구 동대구로 154,대구광역시 수성구 황금2동 613,교통단속,1,130,버스전용차로 차량 진행방면,,2004-01,053-803-4887,35.8443207,128.6252903,2019-06-21
"대구광역시청",대구광역시 수성구 동대구로 154,대구광역시 수성구 황금2동 613,교통단속,1,130,버스전용차로 차량 진행방면,,2006-02,053-803-4887,35.8443207,128.6252903,2019-06-21
"대구광역시청",대구광역시 달서구 달구벌대로329길 17,대구광역시 달서구 감삼동 55-5,교통단속,1,130,버스전용차로 차량 진행방면,,2007-11,053-803-4887,35.854356,128.5452100,2019-06-21
"대구광역시청",대구광역시 달서구 달구벌대로329길 17,대구광역시 달서구 감삼동 55-5,교통단속,1,130,버스전용차로 차량 진행방면,,2007-11,053-803-4887,35.854356,128.5452100,2019-06-21
"대구광역시청",대구광역시 중구 성내2동 205-2,대구광역시 중구 성내2동 205-2,교통단속,1,130,버스전용차로 차량 진행방면,,2007-11,053-803-4887,35.876421,128.587995,2019-06-21
"대구광역시청",대구광역시 중구 성내2동 205-2,대구광역시 중구 성내2동 205-2,교통단속,1,130,버스전용차로 차량 진행방면,,2007-11,053-803-4887,35.876421,128.587995,2019-06-21
"대구광역시청",대구광역시 중구 국채보상로139길 1,대구광역시 중구 동인동2가 177-4,교통단속,1,130,버스전용차로 차량 진행방면,,2012-12,053-803-4887,35.8692838,128.6060779,2019-06-21
"대구광역시청",대구광역시 중구 국채보상로139길 1,대구광역시 중구 동인동2가 177-4,교통단속,1,130,버스전용차로 차량 진행방면,,2012-12,053-803-4887,35.8692838,128.6060779,2019-06-21
"대구광역시청",대구광역시 수성구 달구벌대로 2500,대구광역시 수성구 범어동 835,교통단속,1,130,버스전용차로 차량 진행방면,,2012-12,053-803-4887,35.8584170947,128.6361221784,2019-06-21
"대구광역시청",대구광역시 수성구 달구벌대로 2500,대구광역시 수성구 범어동 835,교통단속,1,130,버스전용차로 차량 진행방면,,2012-12,053-803-4887,35.8584170947,128.6361221784,2019-06-21
"대구광역시청",대구광역시 서구 국채보상로43길 15,대구광역시 서구 평리동 1495,교통단속,1,130,버스전용차로 차량 진행방면,,2013-11,053-803-4887,35.8731197,128.5530337,2019-06-21
"대구광역시청",대구광역시 서구 국채보상로43길 15,대구광역시 서구 평리동 1495,교통단속,1,130,버스전용차로 차량 진행방면,,2013-11,053-803-4887,35.8731197,128.5530337,2019-06-21
"대구광역시청",대구광역시 북구 칠곡중앙대로 180,대구광역시 북구 태전동 799-3,교통단속,1,150,버스전용차로 차량 진행방면,,2014-12,053-803-4887,35.912076,128.5489937,2019-06-21
"대구광역시청",대구광역시 북구 칠곡중앙대로 180,대구광역시 북구 태전동 799-3,교통단속,1,150,버스전용차로 차량 진행방면,,2014-12,053-803-4887,35.912076,128.5489937,2019-06-21
"대구광역시청",대구광역시 수성구 달구벌대로 2487,대구광역시 수성구 범어2동 170-1,교통단속,1,150,버스전용차로 차량 진행방면,,2016-12,053-803-4887,35.859278,128.634672,2019-06-21
"대구광역시청",대구광역시 수성구 달구벌대로 2530,대구광역시 수성구 범어동 211-21,교통단속,1,150,버스전용차로 차량 진행방면,,2016-12,053-803-4887,35.858580,128.639533,2019-06-21
"대구광역시청",대구광역시 중구 동덕로 127,대구광역시 중구 삼덕동2가 105-1,교통단속,1,200,불법 주정차 예상위치 방면,,2009-02,053-803-4887,35.866035,128.603131,2019-06-21
"대구광역시청",대구광역시 중구 달구벌대로 2074-1,대구광역시 중구 남산동 483,교통단속,1,130,불법 주정차 예상위치 방면,,2009-02,053-803-4887,35.865742,128.5904246,2019-06-21
"대구광역시청",대구광역시 중구 달구벌대로 2074-1,대구광역시 중구 남산동 483,교통단속,1,130,불법 주정차 예상위치 방면,,2009-02,053-803-4887,35.865742,128.5904246,2019-06-21
"대구광역시청",대구광역시 중구 달구벌대로 2126,대구광역시 중구 봉산동 127-3,교통단속,1,130,불법 주정차 예상위치 방면,,2009-02,053-803-4887,35.8646797,128.5960285,2019-06-21
"대구광역시청",대구광역시 중구 달구벌대로 2126,대구광역시 중구 봉산동 127-3,교통단속,1,130,불법 주정차 예상위치 방면,,2009-02,053-803-4887,35.8646797,128.5960285,2019-06-21
"대구광역시청",대구광역시 동구 동북로 306,대구광역시 동구 신암동 648-2,교통단속,1,200,불법 주정차 예상위치 방면,,2009-02,053-803-4887,35.8916413,128.6230846,2019-06-21
"대구광역시청",대구광역시 동구 안심로 389-2,대구광역시 동구 신서동 520-1,교통단속,1,130,불법 주정차 예상위치 방면,,2009-02,053-803-4887,35.8708661,128.727449,2019-06-21
"대구광역시청",대구광역시 동구 안심로 389-2,대구광역시 동구 신서동 520-1,교통단속,1,130,불법 주정차 예상위치 방면,,2009-02,053-803-4887,35.8708661,128.727449,2019-06-21
"대구광역시청",대구광역시 동구 동부로 148,대구광역시 동구 신천동 328-2,교통단속,1,130,불법 주정차 예상위치 방면,,2009-02,053-803-4887,35.8767285,128.628387,2019-06-21
"대구광역시청",대구광역시 동구 동부로 148,대구광역시 동구 신천동 328-2,교통단속,1,130,불법 주정차 예상위치 방면,,2009-02,053-803-4887,35.8767285,128.628387,2019-06-21
"대구광역시청",대구광역시 동구 화랑로 51,대구광역시 동구 신천동 477-2,교통단속,1,130,불법 주정차 예상위치 방면,,2009-02,053-803-4887,35.8708885,128.6329338,2019-06-21
"대구광역시청",대구광역시 동구 화랑로 51,대구광역시 동구 신천동 477-2,교통단속,1,130,불법 주정차 예상위치 방면,,2009-02,053-803-4887,35.8708885,128.6329338,2019-06-21
"대구광역시청",대구광역시 동구 효목로 30,대구광역시 동구 효목동 553-3,교통단속,1,130,불법 주정차 예상위치 방면,,2009-02,053-803-4887,35.8759565,128.6397538,2019-06-21
"대구광역시청",대구광역시 동구 효목로 30,대구광역시 동구 효목동 553-3,교통단속,1,130,불법 주정차 예상위치 방면,,2009-02,053-803-4887,35.8759565,128.6397538,2019-06-21
"대구광역시청",대구광역시 동구 효목로 16,대구광역시 동구 효목동 543,교통단속,1,130,불법 주정차 예상위치 방면,,2009-02,053-803-4887,35.8747804,128.6397311,2019-06-21
"대구광역시청",대구광역시 동구 효목로 16,대구광역시 동구 효목동 543,교통단속,1,130,불법 주정차 예상위치 방면,,2009-02,053-803-4887,35.8747804,128.6397311,2019-06-21
"대구광역시청",대구광역시 동구 화랑로 419,대구광역시 동구 방촌동 1118-123,교통단속,1,200,불법 주정차 예상위치 방면,,2009-02,053-803-4887,35.876664,128.6698568,2019-06-21
"대구광역시청",대구광역시 동구 반야월로 138,대구광역시 동구 신기동 178-3,교통단속,1,130,불법 주정차 예상위치 방면,,2009-02,053-803-4887,35.8727395,128.7034638,2019-06-21
"대구광역시청",대구광역시 동구 반야월로 138,대구광역시 동구 신기동 178-3,교통단속,1,130,불법 주정차 예상위치 방면,,2009-02,053-803-4887,35.8727395,128.7034638,2019-06-21
"대구광역시청",대구광역시 서구 국채보상로 252,대구광역시 서구 평리동 1334-6,교통단속,1,200,불법 주정차 예상위치 방면,,2009-02,053-803-4887,35.8708966,128.5585961,2019-06-21
"대구광역시청",대구광역시 서구 국채보상로 185,대구광역시 서구 평리동 1527-16,교통단속,1,130,불법 주정차 예상위치 방면,,2009-02,053-803-4887,35.8700549,128.5513315,2019-06-21
"대구광역시청",대구광역시 서구 국채보상로 185,대구광역시 서구 평리동 1527-16,교통단속,1,130,불법 주정차 예상위치 방면,,2009-02,053-803-4887,35.8700549,128.5513315,2019-06-21
"대구광역시청",대구광역시 서구 국채보상로 426,대구광역시 서구 비산4동 169-1,교통단속,1,130,불법 주정차 예상위치 방면,,2009-02,053-803-4887,35.8705487,128.5772672,2019-06-21
"대구광역시청",대구광역시 서구 국채보상로 426,대구광역시 서구 비산4동 169-1,교통단속,1,130,불법 주정차 예상위치 방면,,2009-02,053-803-4887,35.8705487,128.5772672,2019-06-21
"대구광역시청",대구광역시 서구 당산로 228,대구광역시 서구 내당4동 456-1,교통단속,1,130,불법 주정차 예상위치 방면,,2009-02,053-803-4887,35.857089,128.5483841,2019-06-21
"대구광역시청",대구광역시 서구 당산로 228,대구광역시 서구 내당4동 456-1,교통단속,1,130,불법 주정차 예상위치 방면,,2009-02,053-803-4887,35.857089,128.5483841,2019-06-21
"대구광역시청",대구광역시 서구 서대구로 40,대구광역시 서구 내당동 244-7,교통단속,1,130,불법 주정차 예상위치 방면,,2009-02,053-803-4887,35.8615174,128.5568672,2019-06-21
"대구광역시청",대구광역시 서구 서대구로 40,대구광역시 서구 내당동 244-7,교통단속,1,130,불법 주정차 예상위치 방면,,2009-02,053-803-4887,35.8615174,128.5568672,2019-06-21
"대구광역시청",대구광역시 수성구 화랑로 46,대구광역시 수성구 만촌동 1356-22 성원넥서스,교통단속,1,130,불법 주정차 예상위치 방면,,2009-02,053-803-4887,35.8699550,128.6332154,2019-06-21
"대구광역시청",대구광역시 수성구 화랑로 46,대구광역시 수성구 만촌동 1356-22 성원넥서스,교통단속,1,130,불법 주정차 예상위치 방면,,2009-02,053-803-4887,35.8699550,128.6332154,2019-06-21
"대구광역시청",대구광역시 수성구 들안로60길 17,대구광역시 수성구 수성동3가 130-1,교통단속,1,130,불법 주정차 예상위치 방면,,2009-02,053-803-4887,35.857992,128.6196894,2019-06-21
"대구광역시청",대구광역시 수성구 들안로60길 17,대구광역시 수성구 수성동3가 130-1,교통단속,1,130,불법 주정차 예상위치 방면,,2009-02,053-803-4887,35.857992,128.6196894,2019-06-21
"대구광역시청",대구광역시 달서구 용산로 235,대구광역시 달서구 용산동 930-3,교통단속,1,200,불법 주정차 예상위치 방면,,2009-02,053-803-4887,35.858501,128.530289,2019-06-21
"대구광역시청",대구광역시 달서구 용산로 222,대구광역시 달서구 용산동 934,교통단속,1,130,불법 주정차 예상위치 방면,,2009-02,053-803-4887,35.857427,128.530831,2019-06-21
"대구광역시청",대구광역시 달서구 용산로 222,대구광역시 달서구 용산동 934,교통단속,1,130,불법 주정차 예상위치 방면,,2009-02,053-803-4887,35.857427,128.530831,2019-06-21
"대구광역시청",대구광역시 달서구 달구벌대로 1095,대구광역시 달서구 신당동 1000-2,교통단속,1,130,불법 주정차 예상위치 방면,,2009-02,053-803-4887,35.8550148,128.4850295,2019-06-21
"대구광역시청",대구광역시 달서구 달구벌대로 1095,대구광역시 달서구 신당동 1000-2,교통단속,1,130,불법 주정차 예상위치 방면,,2009-02,053-803-4887,35.8550148,128.4850295,2019-06-21
"대구광역시청",대구광역시 달서구 달구벌대로 1664,대구광역시 달서구 감삼동 106-2,교통단속,1,130,불법 주정차 예상위치 방면,,2009-02,053-803-4887,35.853898,128.548039,2019-06-21
"대구광역시청",대구광역시 달서구 달구벌대로 1664,대구광역시 달서구 감삼동 106-2,교통단속,1,130,불법 주정차 예상위치 방면,,2009-02,053-803-4887,35.853898,128.548039,2019-06-21
"대구광역시청",대구광역시 중구 국채보상로 537,대구광역시 중구 상서동 22-2,교통단속,1,130,불법 주정차 예상위치 방면,,2010-12,053-803-4887,35.8706599,128.5894435,2019-06-21
"대구광역시청",대구광역시 중구 국채보상로 537,대구광역시 중구 상서동 22-2,교통단속,1,130,불법 주정차 예상위치 방면,,2010-12,053-803-4887,35.8706599,128.5894435,2019-06-21
"대구광역시청",대구광역시 중구 국채보상로 597,대구광역시 중구 동성로2가 41-1,교통단속,1,200,불법 주정차 예상위치 방면,,2010-12,053-803-4887,35.8709805,128.5960813,2019-06-21
"대구광역시청",대구광역시 중구 국채보상로 597,대구광역시 중구 동성로2가 41-1,교통단속,1,200,불법 주정차 예상위치 방면,,2010-12,053-803-4887,35.8709805,128.5960813,2019-06-21
"대구광역시청",대구광역시 중구 큰장로 110,대구광역시 중구 대신동 1012,교통단속,1,130,불법 주정차 예상위치 방면,,2010-12,053-803-4887,35.8682586,128.5779992,2019-06-21
"대구광역시청",대구광역시 중구 큰장로 110,대구광역시 중구 대신동 1012,교통단속,1,130,불법 주정차 예상위치 방면,,2010-12,053-803-4887,35.8682586,128.5779992,2019-06-21
"대구광역시청",대구광역시 중구 중앙대로 407-3,대구광역시 중구 남일동 124-5,교통단속,1,130,불법 주정차 예상위치 방면,,2010-12,053-803-4887,35.8695688,128.593574,2019-06-21
"대구광역시청",대구광역시 중구 중앙대로 407-3,대구광역시 중구 남일동 124-5,교통단속,1,130,불법 주정차 예상위치 방면,,2010-12,053-803-4887,35.8695688,128.593574,2019-06-21
"대구광역시청",대구광역시 중구 중앙대로 393,대구광역시 중구 동성로3가 7-7,교통단속,1,130,불법 주정차 예상위치 방면,,2010-12,053-803-4887,35.8683156,128.5934768,2019-06-21
"대구광역시청",대구광역시 중구 중앙대로 393,대구광역시 중구 동성로3가 7-7,교통단속,1,130,불법 주정차 예상위치 방면,,2010-12,053-803-4887,35.8683156,128.5934768,2019-06-21
"대구광역시청",대구광역시 중구 큰장로 123,대구광역시 서구 내당동 1038-3,교통단속,1,130,불법 주정차 예상위치 방면,,2010-12,053-803-4887,35.868838,128.580495,2019-06-21
"대구광역시청",대구광역시 중구 큰장로 123,대구광역시 서구 내당동 1038-3,교통단속,1,130,불법 주정차 예상위치 방면,,2010-12,053-803-4887,35.868838,128.580495,2019-06-21
"대구광역시청",대구광역시 서구 달구벌대로 1813,대구광역시 서구 내당동 65-5,교통단속,1,130,불법 주정차 예상위치 방면,,2010-12,053-803-4887,35.860031,128.562937,2019-06-21
"대구광역시청",대구광역시 서구 달구벌대로 1813,대구광역시 서구 내당동 65-5,교통단속,1,130,불법 주정차 예상위치 방면,,2010-12,053-803-4887,35.860031,128.562937,2019-06-21
"대구광역시청",대구광역시 남구 현충로 255,대구광역시 남구 대명동 2131-29,교통단속,1,130,불법 주정차 예상위치 방면,,2010-12,053-803-4887,35.8553635,128.5828269,2019-06-21
"대구광역시청",대구광역시 남구 현충로 255,대구광역시 남구 대명동 2131-29,교통단속,1,130,불법 주정차 예상위치 방면,,2010-12,053-803-4887,35.8553635,128.5828269,2019-06-21
"대구광역시청",대구광역시 남구 대명로 157,대구광역시 남구 대명동 809-3,교통단속,1,200,불법 주정차 예상위치 방면,,2010-12,053-803-4887,35.8394605,128.574993,2019-06-21
"대구광역시청",대구광역시 달서구 달구벌대로 1467,대구광역시 달서구 용산동 230-11,교통단속,1,130,불법 주정차 예상위치 방면,,2010-12,053-803-4887,35.8494607,128.5274266,2019-06-21
"대구광역시청",대구광역시 달서구 달구벌대로 1467,대구광역시 달서구 용산동 230-11,교통단속,1,130,불법 주정차 예상위치 방면,,2010-12,053-803-4887,35.8494607,128.5274266,2019-06-21
"대구광역시청",대구광역시 달서구 장산로,대구광역시 달서구 용산동 926,교통단속,1,130,불법 주정차 예상위치 방면,,2011-01,053-803-4887,35.856439,128.525021,2019-06-21
"대구광역시청",대구광역시 달서구 장산로,대구광역시 달서구 용산동 926,교통단속,1,130,불법 주정차 예상위치 방면,,2011-01,053-803-4887,35.856439,128.525021,2019-06-21
"대구광역시청",대구광역시 달서구 장산로,대구광역시 달서구 용산동 376-2,교통단속,1,130,불법 주정차 예상위치 방면,,2011-01,053-803-4887,35.856439,128.525021,2019-06-21
"대구광역시청",대구광역시 달서구 장산로,대구광역시 달서구 용산동 376-2,교통단속,1,130,불법 주정차 예상위치 방면,,2011-01,053-803-4887,35.856439,128.525021,2019-06-21
"대구광역시청",대구광역시 중구 태평로 295,대구광역시 중구 동인동3가 367-28,교통단속,1,130,불법 주정차 예상위치 방면,,2011-01,053-803-4887,35.8733406,128.6094753,2019-06-21
"대구광역시청",대구광역시 중구 태평로 295,대구광역시 중구 동인동3가 367-28,교통단속,1,130,불법 주정차 예상위치 방면,,2011-01,053-803-4887,35.8733406,128.6094753,2019-06-21
"대구광역시청",대구광역시 동구 아양로 65-1,대구광역시 동구 신암동 588-4,교통단속,1,130,불법 주정차 예상위치 방면,,2011-11,053-803-4887,35.8828163,128.6212179,2019-06-21
"대구광역시청",대구광역시 동구 아양로 65-1,대구광역시 동구 신암동 588-4,교통단속,1,130,불법 주정차 예상위치 방면,,2011-11,053-803-4887,35.8828163,128.6212179,2019-06-21
"대구광역시청",대구광역시 수성구 동대구로 359,대구광역시 수성구 범어동 32-1,교통단속,1,130,불법 주정차 예상위치 방면,,2011-11,053-803-4887,35.862652,128.6263363,2019-06-21
"대구광역시청",대구광역시 수성구 동대구로 359,대구광역시 수성구 범어동 32-1,교통단속,1,130,불법 주정차 예상위치 방면,,2011-11,053-803-4887,35.862652,128.6263363,2019-06-21
"대구광역시청",대구광역시 달서구 달구벌대로 1790,대구광역시 달서구 두류동 135-13 현대해상 빌딩,교통단속,1,130,불법 주정차 예상위치 방면,,2011-11,053-803-4887,35.858558,128.560774,2019-06-21
"대구광역시청",대구광역시 달서구 달구벌대로 1790,대구광역시 달서구 두류동 135-13 현대해상 빌딩,교통단속,1,130,불법 주정차 예상위치 방면,,2011-11,053-803-4887,35.858558,128.560774,2019-06-21
"대구광역시청",대구광역시 동구 해동로 6,대구광역시 동구 지저동 669-60,교통단속,1,130,불법 주정차 예상위치 방면,,2016-02,053-803-4887,35.8974446,128.637785,2019-06-21
"대구광역시청",대구광역시 동구 해동로 6,대구광역시 동구 지저동 669-60,교통단속,1,130,불법 주정차 예상위치 방면,,2016-02,053-803-4887,35.8974446,128.637785,2019-06-21
"대구광역시청",대구광역시 북구 동북로 163,대구광역시 북구 산격동 500-1,교통단속,1,200,불법 주정차 예상위치 방면,,2013-01,053-803-4887,35.8989126706,128.6125185583,2019-06-21
"대구광역시청",대구광역시 북구 동북로 163,대구광역시 북구 산격동 500-1,교통단속,1,200,불법 주정차 예상위치 방면,,2013-01,053-803-4887,35.8989126706,128.6125185583,2019-06-21
"대구광역시청",대구광역시 수성구 수성로 313,대구광역시 수성구 수성동1가 275-87,교통단속,1,200,불법 주정차 예상위치 방면,,2013-01,053-803-4887,35.8535295,128.6132118,2019-06-21
"대구광역시청",대구광역시 수성구 수성로 313,대구광역시 수성구 수성동1가 275-87,교통단속,1,200,불법 주정차 예상위치 방면,,2013-01,053-803-4887,35.8535295,128.6132118,2019-06-21
"대구광역시청",대구광역시 달성군 다사읍 서재로 139,대구광역시 달성군 다사읍 서재리 90,교통단속,1,200,불법 주정차 예상위치 방면,,2013-01,053-803-4887,35.8758644,128.496658,2019-06-21
"대구광역시청",대구광역시 달성군 다사읍 서재로 139,대구광역시 달성군 다사읍 서재리 90,교통단속,1,200,불법 주정차 예상위치 방면,,2013-01,053-803-4887,35.8758644,128.496658,2019-06-21
"대구광역시청",대구광역시 서구 국채보상로50길 20,대구광역시 서구 평리동 1680,교통단속,1,200,불법 주정차 예상위치 방면,,2015-01,053-803-4887,35.8699795468,128.5595153145,2019-06-21
"대구광역시청",대구광역시 서구 서대구로 299,대구광역시 서구 비산동 1840-3,교통단속,1,200,불법 주정차 예상위치 방면,,2015-01,053-803-4887,35.8846826,128.5563825,2019-06-21
"대구광역시청",대구광역시 북구 침산로 153,대구광역시 북구 침산동 269-10,교통단속,1,200,불법 주정차 예상위치 방면,,2015-01,053-803-4887,35.8893813,128.5901516,2019-06-21
"대구광역시청",대구광역시 달서구 진천로 9길 30,대구광역시 달서구 진천동 495-10,교통단속,1,200,불법 주정차 예상위치 방면,,2015-01,053-803-4887,35.812600,128.5228672,2019-06-21
"대구광역시청",대구광역시 수성구 화랑로 98,대구광역시 수성구 만촌동 1327-8,교통단속,1,200,불법 주정차 예상위치 방면,,2015-01,053-803-4887,35.8724706,128.6376328,2019-06-21
"대구광역시청",대구광역시 달서구 월배로 458,대구광역시 달서구 송현1동 194-2,교통단속,1,200,불법 주정차 예상위치 방면,,2015-01,053-803-4887,35.8339348,128.555365,2019-06-21
"대구광역시청",대구광역시 동구 동대구로 550,대구광역시 동구 신암동 294,교통단속,1,200,불법 주정차 예상위치 방면,,2016-05,053-803-4887,35.8790756,128.6287185,2019-06-21
"대구광역시청",대구광역시 동구 신암남로 113,대구광역시 동구 신암동 259-9,교통단속,1,200,불법 주정차 예상위치 방면,,2016-12,053-803-4887,35.8807942,128.6280620,2019-06-21
"대구광역시청",대구광역시 동구 동부로 111,대구광역시 동구 신천동 72-5,교통단속,1,200,불법 주정차 예상위치 방면,,2016-12,053-803-4887,35.8764097,128.6245290,2019-06-21
"대구광역시청",대구광역시 동구 동부로 177,대구광역시 동구 효목동 278-3,교통단속,1,200,불법 주정차 예상위치 방면,,2016-12,053-803-4887,35.878286,128.6314621,2019-06-21
"대구광역시청",대구광역시 남구 용두길 32,대구광역시 남구 봉덕동 1581-70,교통단속,1,200,불법 주정차 예상위치 방면,,2016-12,053-803-4887,35.8336630,128.6044277,2019-06-21
"대구광역시청",대구광역시 동구 동부로 153,대구광역시 동구 신천동 1506,교통단속,1,200,불법 주정차 예상위치 방면,,2017-03,053-803-4887,35.8778124,128.6284527,2019-06-21
"대구광역시청",대구광역시 동구 동부로 153,대구광역시 동구 신천동 1506,교통단속,1,200,불법 주정차 예상위치 방면,,2017-03,053-803-4887,35.8778124,128.6284527,2019-06-21
"대구광역시청",대구광역시 중구 달구벌대로 2226,대구광역시 중구 대봉1동 12-65,교통단속,1,200,불법 주정차 예상위치 방면,,2017-05,053-803-4887,35.862188,128.606484,2019-06-21
"대구광역시청",대구광역시 동구 동대구로 550,대구광역시 동구 신암동 305,교통단속,1,200,불법 주정차 예상위치 방면,,2017-05,053-803-4887,35.8790756,128.6287185,2019-06-21
"대구광역시청",대구광역시 동구 동대구로 484-2,대구광역시 동구 신천동 293-1,교통단속,1,200,불법 주정차 예상위치 방면,,2017-05,053-803-4887,35.873342,128.6259811,2019-06-21
"대구광역시청",대구광역시 동구 동대구로 498,대구광역시 동구 신천동 288-4,교통단속,1,200,불법 주정차 예상위치 방면,,2017-05,053-803-4887,35.8746692,128.626104,2019-06-21
"대구광역시청",대구광역시 동구 동부로 22길 5,대구광역시 동구 신천동 327-1,교통단속,1,200,불법 주정차 예상위치 방면,,2017-05,053-803-4887,35.876139,128.6273187,2019-06-21
"대구광역시청",대구광역시 동구 신암남로 169,대구광역시 동구 신암동 337-7,교통단속,1,200,불법 주정차 예상위치 방면,,2017-05,053-803-4887,35.8842373812,128.6320821467,2019-06-21
"대구광역시청",대구광역시 동구 국채보상로 155길 8,대구광역시 동구 신천동 819-5,교통단속,1,200,불법 주정차 예상위치 방면,,2017-05,053-803-4887,35.868862,128.614957,2019-06-21
"대구광역시청",대구광역시 동구 이노밸리로 305,대구광역시 동구 신서동 1149-1,교통단속,1,200,불법 주정차 예상위치 방면,,2017-05,053-803-4887,35.8783251521,128.730487897,2019-06-21
"대구광역시청",대구광역시 동구 신암로 98,대구광역시 동구 신암동 1196-2,교통단속,1,200,불법 주정차 예상위치 방면,,2017-05,053-803-4887,35.8793773,128.6107741,2019-06-21
"대구광역시청",대구광역시 동구 동호로 132,대구광역시 동구 신서동 561,교통단속,1,200,불법 주정차 예상위치 방면,,2017-05,053-803-4887,35.8662301,128.7314109,2019-06-21
"대구광역시청",대구광역시 동구 효신로 53,대구광역시 동구 신천동 399-19,교통단속,1,200,불법 주정차 예상위치 방면,,2017-05,053-803-4887,35.876443,128.6326745,2019-06-21
"대구광역시청",대구광역시 동구 효신로 42,대구광역시 동구 효목동 397-1,교통단속,1,200,불법 주정차 예상위치 방면,,2017-05,053-803-4887,35.8758302,128.6338236,2019-06-21
"대구광역시청",대구광역시 서구 달구벌대로 1709,대구광역시 서구 내당동 465-1,교통단속,1,200,불법 주정차 예상위치 방면,,2017-05,053-803-4887,35.8563442,128.5524832,2019-06-21
"대구광역시청",대구광역시 서구 국채보상로 316,대구광역시 서구 평리2동 1676,교통단속,1,200,불법 주정차 예상위치 방면,,2017-05,053-803-4887,35.8706351,128.5655530,2019-06-21
"대구광역시청",대구광역시 서구 북비산로 156,대구광역시 서구 평리동 573-2,교통단속,1,200,불법 주정차 예상위치 방면,,2017-05,053-803-4887,35.8785413,128.5502518,2019-06-21
"대구광역시청",대구광역시 남구 용두길 75,대구광역시 남구 봉덕동 1218,교통단속,1,200,불법 주정차 예상위치 방면,,2017-05,053-803-4887,35.8317449,128.6040867,2019-06-21
"대구광역시청",대구광역시 남구 앞산순환로 574-87,대구광역시 남구 대명동 산 227-5,교통단속,1,200,불법 주정차 예상위치 방면,,2017-05,053-803-4887,35.8289725070,128.589002,2019-06-21
"대구광역시청",대구광역시 북구 사수로 589,대구광역시 북구 팔달동 230-1,교통단속,1,200,불법 주정차 예상위치 방면,,2017-05,053-803-4887,35.8966629,128.5405760,2019-06-21
"대구광역시청",대구광역시 북구 동북로 49길 15,대구광역시 북구 복현동 214-1,교통단속,1,200,불법 주정차 예상위치 방면,,2017-05,053-803-4887,35.8966492,128.6192147,2019-06-21
"대구광역시청",대구광역시 북구 칠곡중앙대로 416,대구광역시 북구 읍내동 1343-6,교통단속,1,200,불법 주정차 예상위치 방면,,2017-05,053-803-4887,35.9330097,128.5490165,2019-06-21
"대구광역시청",대구광역시 수성구 달구벌대로 3182,대구광역시 수성구 신매동 566-1,교통단속,1,200,불법 주정차 예상위치 방면,,2017-05,053-803-4887,35.8405919,128.7046377,2019-06-21
"대구광역시청",대구광역시 수성구 명덕로 73길 32,대구광역시 수성구 수성동1가 629-29,교통단속,1,200,불법 주정차 예상위치 방면,,2017-05,053-803-4887,35.8561639,128.6109536,2019-06-21
"대구광역시청",대구광역시 수성구 만촌로 125,대구광역시 수성구 만촌동 1425,교통단속,1,200,불법 주정차 예상위치 방면,,2017-05,053-803-4887,35.8697393,128.6404181,2019-06-21
"대구광역시청",대구광역시 달서구 당산로 40,대구광역시 달서구 본리동 154,교통단속,1,200,불법 주정차 예상위치 방면,,2017-05,053-803-4887,35.8408700,128.5450434,2019-06-21
"대구광역시청",대구광역시 달서구 송현로 81,대구광역시 달서구 송현동 898-4,교통단속,1,200,불법 주정차 예상위치 방면,,2017-05,053-803-4887,35.8242155,128.543418,2019-06-21
"대구광역시청",대구광역시 달서구 선원남로 120,대구광역시 달서구 이곡동 1304-4,교통단속,1,200,불법 주정차 예상위치 방면,,2017-05,053-803-4887,35.8568211,128.513651,2019-06-21
"대구광역시청",대구광역시 달성군 새동네로 34,대구광역시 달서구 용산동 410-2,교통단속,1,200,불법 주정차 예상위치 방면,,2017-05,053-803-4887,35.8517496,128.5192581,2019-06-21
"대구광역시청",대구광역시 달성군 테크노대로 5길 34,대구광역시 달성군 봉리 623,교통단속,1,200,불법 주정차 예상위치 방면,,2017-05,053-803-4887,35.6922354374,128.467737703,2019-06-21
"대구광역시청",대구광역시 달성군 돌미로 36,대구광역시 달성군 강림리 1125,교통단속,1,200,불법 주정차 예상위치 방면,,2017-05,053-803-4887,35.7789796196,128.438180,2019-06-21
"대구광역시청",대구광역시 달성군 달구벌대로 859,대구광역시 달성군 매곡리 1546-6,교통단속,1,200,불법 주정차 예상위치 방면,,2017-05,053-803-4887,35.8593624,128.4641374,2019-06-21
"대구광역시청",대구광역시 달서구 두류동 584-4,대구광역시 달서구 두류동 584-4,생활방범,1,200,야구장입구 삼거리 방면,,2015-11,053-803-7482,35.850936,128.559789,2019-06-21
"대구광역시청",대구광역시 달서구 두류동 587-22,대구광역시 달서구 두류동 587-22,생활방범,1,200,2.28 주차장 방면,,2015-11,053-803-7482,35.850676,128.559590,2019-06-21
"대구광역시청",대구광역시 달서구 두류동 595-1,대구광역시 달서구 두류동 595-1,생활방범,1,200,광장휴게소 주차장 방면,,2015-11,053-803-7482,35.851506,128.558925,2019-06-21
"대구광역시청",대구광역시 달서구 두류동 597-6,대구광역시 달서구 두류동 597-6,생활방범,1,200,두류테니스장 주차장 방면,,2015-11,053-803-7482,35.851746,128.556701,2019-06-21
"대구광역시청",대구광역시 달서구 공원순환로 46(두류동),대구광역시 달서구 공원순환로 46(두류동),생활방범,1,200,관광정보센터 주차장 방면,,2015-11,053-803-7482,35.8508631258,128.5576664506,2019-06-21
"대구광역시청",대구광역시 달서구 두류동 산314,대구광역시 달서구 두류동 산314,생활방범,1,200,야외음악당옆 인도 방면,,2015-11,053-803-7482,35.850161,128.556614,2019-06-21
"대구광역시청",대구광역시 달서구 두류동 산326-11,대구광역시 달서구 두류동 산326-11,생활방범,1,200,산마루휴게소 주차장 방면,,2015-11,053-803-7482,35.848764,128.554342,2019-06-21
"대구광역시청",대구광역시 달서구 성당동 산214-2,대구광역시 달서구 성당동 산214-2,생활방범,1,200,체육공원 사거리 방면,,2015-11,053-803-7482,35.845968,128.553041,2019-06-21
"대구광역시청",대구광역시 달서구 성당동 195-9,대구광역시 달서구 성당동 195-9,생활방범,1,200,반도지 삼거리 방면,,2015-11,053-803-7482,35.843131,128.558050,2019-06-21
"대구광역시청",대구광역시 달서구 성당동 산235-2,대구광역시 달서구 성당동 산235-2,생활방범,1,200,수경지 방면,,2015-11,053-803-7482,35.843182,128.557875,2019-06-21
"대구광역시청",대구광역시 달서구 성당동 195-7,대구광역시 달서구 성당동 195-7,생활방범,1,200,부용정 입구 방면,,2015-11,053-803-7482,35.844016,128.559885,2019-06-21
"대구광역시청",대구광역시 달서구 성당동 산200-2,대구광역시 달서구 성당동 산200-2,생활방범,1,200,성당휴게소 사거리 방면,,2015-11,053-803-7482,35.844496,128.561050,2019-06-21
"대구광역시청",대구광역시 달서구 공원순환로 216(성당동),대구광역시 달서구 공원순환로 216(성당동),생활방범,1,200,성당못 방면,,2015-11,053-803-7482,35.8445513,128.5616139,2019-06-21
"대구광역시청",대구광역시 달서구 성당동 195-11,대구광역시 달서구 성당동 195-11,생활방범,1,200,성당주차장 방면,,2015-11,053-803-7482,35.843689,128.562084,2019-06-21
"대구광역시청",대구광역시 달서구 성당동 195-11,대구광역시 달서구 성당동 195-11,생활방범,1,200,인라인스케이트장 방면,,2015-11,053-803-7482,35.845145,128.562186,2019-06-21
"대구광역시청",대구광역시 달서구 성당동 169,대구광역시 달서구 성당동 169,생활방범,1,200,다목적 운동장 방면,,2015-11,053-803-7482,35.845078,128.563676,2019-06-21
"대구광역시청",대구광역시 달서구 성당동 산198-6,대구광역시 달서구 성당동 산198-6,생활방범,1,200,친수형 휴게마당 방면,,2015-11,053-803-7482,35.846758,128.560515,2019-06-21
"대구광역시청",대구광역시 달서구 성당동 산189,대구광역시 달서구 성당동 산189,생활방범,1,200,두류수영장 뒷편 삼거리 방면,,2015-11,053-803-7482,35.847533,128.562816,2019-06-21
"대구광역시청",대구광역시 달서구 성당동 산305-8,대구광역시 달서구 성당동 산305-8,생활방범,1,200,시계탑 삼거리 방면,,2015-11,053-803-7482,35.849725,128.561928,2019-06-21
"대구광역시청",대구광역시 달서구 성당동 산305-9,대구광역시 달서구 성당동 산305-9,생활방범,1,200,관리사무소 입구 방면,,2015-11,053-803-7482,35.851212,128.562976,2019-06-21
"대구광역시청",대구광역시 북구 조야로2길 121,대구광역시 북구 서변동 1585,재난재해,1,200,하천 수위 방면,,2015-05,053-803-2672,35.9069510,128.590619,2019-06-21
"대구광역시청",대구광역시 달성군 화원읍 사문진로1길 35,대구광역시 달성군 화원읍 성산리 269,재난재해,1,200,하천 수위 방면,,2015-05,053-803-2672,35.8103592,128.478358,2019-06-21
"대구광역시청",대구광역시 수성구 상동 667-53,대구광역시 수성구 상동 667-53,재난재해,1,200,하천 수위 방면,,2015-05,053-803-2672,35.834642,128.606365,2019-06-21
"대구광역시청",대구광역시 동구 효목동 3-7,대구광역시 동구 효목동 3-7,재난재해,1,200,하천 수위 방면,,2015-05,053-803-2672,35.888882,128.641665,2019-06-21
"대구광역시청",대구광역시 북구 조야로12길 3,대구광역시 북구 조야로12길 3,재난재해,1,200,하천 수위 방면,,2015-05,053-803-2672,35.912045,128.5772184916,2019-06-21
"대구광역시청",대구광역시 수성구 파동 581-125,대구광역시 수성구 파동 581-125,재난재해,1,200,하천 수위 방면,,2015-05,053-803-2672,35.810768,128.617916,2019-06-21
"대구광역시청",대구광역시 북구 팔달동 524-4,대구광역시 북구 팔달동 524-4,재난재해,1,200,하천 수위 방면,,2015-05,053-803-2672,35.896540,128.549892,2019-06-21
"대구광역시청",대구광역시 동구 방촌동 1078-3,대구광역시 동구 방촌동 1078-3,재난재해,1,200,하천 수위 방면,,2015-05,053-803-2672,35.876845,128.660001,2019-06-21
"대구광역시청",대구광역시 남구 봉덕동 1617-1,대구광역시 남구 봉덕동 1617-1,재난재해,1,200,하천 수위 방면,,2014-09,053-803-2672,35.836018,128.605721,2019-06-21
"대구광역시청",대구광역시 남구 봉덕동 1617-1,대구광역시 남구 봉덕동 1617-1,재난재해,1,200,하천 수위 방면,,2014-09,053-803-2672,35.836018,128.605721,2019-06-21
"대구광역시청",대구광역시 수성구 파동 613-1,대구광역시 수성구 파동 613-1,재난재해,1,200,하천 수위 방면,,2014-09,053-803-2672,35.825131,128.609174,2019-06-21
"대구광역시청",대구광역시 수성구 파동 608-8,대구광역시 수성구 파동 608-8,재난재해,1,200,하천 수위 방면,,2014-09,053-803-2672,35.823912,128.607848,2019-06-21
"대구광역시청",대구광역시 남구 봉덕동 1632,대구광역시 남구 봉덕동 1632,교통정보수집,1,41,자동차 진행 방면,,1998-02,053-803-4573,35.8355601,128.6044521,2019-06-21
"대구광역시청",대구광역시 남구 이천동 655-144,대구광역시 남구 이천동 655-144,교통정보수집,1,41,자동차 진행 방면,,2000-12,053-803-4573,35.847503,128.606572,2019-06-21
"대구광역시청",대구광역시 중구 삼덕동3가,대구광역시 중구 삼덕동3가,교통정보수집,1,41,자동차 진행 방면,,1994-09,053-803-4573,35.861754,128.608872,2019-06-21
"대구광역시청",대구광역시 중구 동인동3가 376-17,대구광역시 중구 동인동3가 376-17,교통정보수집,1,41,자동차 진행 방면,,1991-10,053-803-4573,35.873841,128.611610,2019-06-21
"대구광역시청",대구광역시 북구 대현동 396,대구광역시 북구 대현동 396,교통정보수집,1,41,자동차 진행 방면,,2000-12,053-803-4573,35.886333,128.601500,2019-06-21
"대구광역시청",대구광역시 북구 침산동 663-2,대구광역시 북구 침산동 663-2,교통정보수집,1,41,자동차 진행 방면,,1991-10,053-803-4573,35.900976,128.592666,2019-06-21
"대구광역시청",대구광역시 북구 팔달동 524-25,대구광역시 북구 팔달동 524-25,교통정보수집,1,41,자동차 진행 방면,,1997-06,053-803-4573,35.895715,128.550481,2019-06-21
"대구광역시청",대구광역시 북구 노원동3가 784-1,대구광역시 북구 노원동3가 784-1,교통정보수집,1,41,자동차 진행 방면,,1991-10,053-803-4573,35.8888739232,128.567885752,2019-06-21
"대구광역시청",대구광역시 남구 봉덕동 1306,대구광역시 남구 봉덕동 1306,교통정보수집,1,41,자동차 진행 방면,,2000-12,053-803-4573,35.845328,128.590502,2019-06-21
"대구광역시청",대구광역시 달서구 송현동 1044-2,대구광역시 달서구 송현동 1044-2,교통정보수집,1,41,자동차 진행 방면,,1994-07,053-803-4573,35.836841,128.557791,2019-06-21
"대구광역시청",대구광역시 달서구 본리동 1150,대구광역시 달서구 본리동 1150,교통정보수집,1,41,자동차 진행 방면,,1999-01,053-803-4573,35.837492,128.536951,2019-06-21
"대구광역시청",대구광역시 달서구 두류동 1290-1,대구광역시 달서구 두류동 1290-1,교통정보수집,1,41,자동차 진행 방면,,1994-07,053-803-4573,35.8578830,128.557478,2019-06-21
"대구광역시청",대구광역시 수성구 만촌동 1310-2,대구광역시 수성구 만촌동 1310-2,교통정보수집,1,41,자동차 진행 방면,,1994-07,053-803-4573,35.858963,128.646131,2019-06-21
"대구광역시청",대구광역시 수성구 범어동 835,대구광역시 수성구 범어동 835,교통정보수집,1,41,자동차 진행 방면,,1991-10,053-803-4573,35.8588373885,128.6245429254,2019-06-21
"대구광역시청",대구광역시 수성구 범어동 834,대구광역시 수성구 범어동 834,교통정보수집,1,41,자동차 진행 방면,,1991-10,053-803-4573,35.866965,128.626776,2019-06-21
"대구광역시청",대구광역시 동구 신천동 742,대구광역시 동구 신천동 742,교통정보수집,1,41,자동차 진행 방면,,1991-10,053-803-4573,35.879684,128.628467,2019-06-21
"대구광역시청",대구광역시 중구 덕산동 110,대구광역시 중구 덕산동 110,교통정보수집,1,41,자동차 진행 방면,,1988-08,053-803-4573,35.8663342,128.5928153,2019-06-21
"대구광역시청",대구광역시 중구 포정동 58-12,대구광역시 중구 포정동 58-12,교통정보수집,1,41,자동차 진행 방면,,1988-08,053-803-4573,35.871076,128.593987,2019-06-21
"대구광역시청",대구광역시 중구 태평로 2가 33-1,대구광역시 중구 태평로 2가 33-1,교통정보수집,1,41,자동차 진행 방면,,2000-12,053-803-4573,35.875100,128.594804,2019-06-21
"대구광역시청",대구광역시 중구 대신동 115-1,대구광역시 중구 대신동 115-1,교통정보수집,1,41,자동차 진행 방면,,1988-08,053-803-4573,35.8697976853,128.5822392254,2019-06-21
"대구광역시청",대구광역시 서구 평리동 1621-3,대구광역시 서구 평리동 1621-3,교통정보수집,1,41,자동차 진행 방면,,1994-07,053-803-4573,35.879089,128.554931,2019-06-21
"대구광역시청",대구광역시 북구 산격동 1628,대구광역시 북구 산격동 1628,교통정보수집,1,41,자동차 진행 방면,,2002-11,053-803-4573,35.895883,128.590203,2019-06-21
"대구광역시청",대구광역시 남구 대명동 901-1,대구광역시 남구 대명동 901-1,교통정보수집,1,41,자동차 진행 방면,,2002-11,053-803-4573,35.8388279,128.5766621,2019-06-21
"대구광역시청",대구광역시 북구 태전동 206-3,대구광역시 북구 태전동 206-3,교통정보수집,1,41,자동차 진행 방면,,2002-04,053-803-4573,35.9205643,128.5454855,2019-06-21
"대구광역시청",대구광역시 서구 이현동 282-2,대구광역시 서구 이현동 282-2,교통정보수집,1,41,자동차 진행 방면,,2002-11,053-803-4573,35.878608,128.539884,2019-06-21
"대구광역시청",대구광역시 동구 지저동 406-6,대구광역시 동구 지저동 406-6,교통정보수집,1,41,자동차 진행 방면,,1998-06,053-803-4573,35.900018,128.635019,2019-06-21
"대구광역시청",대구광역시 동구 입석동 978-24,대구광역시 동구 입석동 978-24,교통정보수집,1,41,자동차 진행 방면,,1998-06,053-803-4573,35.892062,128.643604,2019-06-21
"대구광역시청",대구광역시 북구 태전동 838,대구광역시 북구 태전동 838,교통정보수집,1,41,자동차 진행 방면,,2002-04,053-803-4573,35.9098770,128.5487403,2019-06-21
"대구광역시청",대구광역시 동구 용계동 963-10,대구광역시 동구 용계동 963-10,교통정보수집,1,41,자동차 진행 방면,,2000-12,053-803-4573,35.874395,128.688073,2019-06-21
"대구광역시청",대구광역시 수성구 매호동 1330-3,대구광역시 수성구 매호동 1330-3,교통정보수집,1,41,자동차 진행 방면,,2002-04,053-803-4573,35.840921,128.704974,2019-06-21
"대구광역시청",대구광역시 달서구 상인동 1396-5,대구광역시 달서구 상인동 1396-5,교통정보수집,1,41,자동차 진행 방면,,2002-11,053-803-4573,35.8186697,128.5377914,2019-06-21
"대구광역시청",대구광역시 수성구 지저동 206-21,대구광역시 수성구 지저동 206-21,교통정보수집,1,41,자동차 진행 방면,,2002-04,053-803-4573,35.841411,128.685126,2019-06-21
"대구광역시청",대구광역시 수성구 대흥동 134-1,대구광역시 수성구 대흥동 134-1,교통정보수집,1,41,자동차 진행 방면,,2002-04,053-803-4573,35.833141,128.683509,2019-06-21
"대구광역시청",대구광역시 달서구 월성동 78,대구광역시 달서구 월성동 78,교통정보수집,1,130,자동차 진행 방면,,2013-05,053-803-4573,35.826148,128.529756,2019-06-21
"대구광역시청",대구광역시 달서구 감산동 440-2,대구광역시 달서구 감산동 440-2,교통정보수집,1,41,자동차 진행 방면,,2002-04,053-803-4573,35.850156,128.537257,2019-06-21
"대구광역시청",대구광역시 수성구 연호동 61,대구광역시 수성구 연호동 61,교통정보수집,1,41,자동차 진행 방면,,2002-04,053-803-4573,35.846195,128.672687,2019-06-21
"대구광역시청",대구광역시 달서구 송현동 187-1,대구광역시 달서구 송현동 187-1,교통정보수집,1,41,자동차 진행 방면,,2002-11,053-803-4573,35.8313123,128.5515703,2019-06-21
"대구광역시청",대구광역시 북구 노원동2가 1,대구광역시 북구 노원동2가 1,교통정보수집,1,41,자동차 진행 방면,,1990-07,053-803-4573,35.887635,128.575919,2019-06-21
"대구광역시청",대구광역시 북구 칠성동 2가 711,대구광역시 북구 칠성동 2가 711,교통정보수집,1,41,자동차 진행 방면,,1989-06,053-803-4573,35.881472,128.586190,2019-06-21
"대구광역시청",대구광역시 북구 침산동 1662-20,대구광역시 북구 침산동 1662-20,교통정보수집,1,41,자동차 진행 방면,,2010-05,053-803-4573,35.889395,128.598791,2019-06-21
"대구광역시청",대구광역시 북구 산격동 1346,대구광역시 북구 산격동 1346,교통정보수집,1,41,자동차 진행 방면,,1989-06,053-803-4573,35.892342,128.609362,2019-06-21
"대구광역시청",대구광역시 북구 복현동 623,대구광역시 북구 복현동 623,교통정보수집,1,41,자동차 진행 방면,,1994-07,053-803-4573,35.8932645494,128.617059769,2019-06-21
"대구광역시청",대구광역시 동구 효목동 964,대구광역시 동구 효목동 964,교통정보수집,1,41,자동차 진행 방면,,1990-07,053-803-4573,35.885569,128.633053,2019-06-21
"대구광역시청",대구광역시 동구 신암동 368,대구광역시 동구 신암동 368,교통정보수집,1,41,자동차 진행 방면,,1990-07,053-803-4573,35.883319,128.623946,2019-06-21
"대구광역시청",대구광역시 동구 신암동 804-4,대구광역시 동구 신암동 804-4,교통정보수집,1,41,자동차 진행 방면,,1990-07,053-803-4573,35.882720,128.613606,2019-06-21
"대구광역시청",대구광역시 중구 동인동1가 405-1,대구광역시 중구 동인동1가 405-1,교통정보수집,1,41,자동차 진행 방면,,1988-08,053-803-4573,35.872562,128.604525,2019-06-21
"대구광역시청",대구광역시 중구 동인동1가 116-3,대구광역시 중구 동인동1가 116-3,교통정보수집,1,41,자동차 진행 방면,,1988-08,053-803-4573,35.873836,128.601333,2019-06-21
"대구광역시청",대구광역시 중구 태평로 3가 225-1,대구광역시 중구 태평로 3가 225-1,교통정보수집,1,41,자동차 진행 방면,,1988-08,053-803-4573,35.876472,128.587980,2019-06-21
"대구광역시청",대구광역시 중구 수창동 104-7,대구광역시 중구 수창동 104-7,교통정보수집,1,41,자동차 진행 방면,,1988-08,053-803-4573,35.877673,128.581502,2019-06-21
"대구광역시청",대구광역시 서구 비산동 541-25,대구광역시 서구 비산동 541-25,교통정보수집,1,41,자동차 진행 방면,,1990-07,053-803-4573,35.879602,128.571338,2019-06-21
"대구광역시청",대구광역시 서구 평리동 1621-26,대구광역시 서구 평리동 1621-26,교통정보수집,1,41,자동차 진행 방면,,2002-04,053-803-4573,35.870471,128.554923,2019-06-21
"대구광역시청",대구광역시 서구 평리동 718-1,대구광역시 서구 평리동 718-1,교통정보수집,1,41,자동차 진행 방면,,2090-07,053-803-4573,35.8787012,128.5552587,2019-06-21
"대구광역시청",대구광역시 수성구 범물동 184,대구광역시 수성구 범물동 184,교통정보수집,1,41,자동차 진행 방면,,2002-04,053-803-4573,35.818903,128.649662,2019-06-21
"대구광역시청",대구광역시 중구 서성로2가 22-7,대구광역시 중구 서성로2가 22-7,교통정보수집,1,41,자동차 진행 방면,,1988-08,053-803-4573,35.8697984,128.5870331,2019-06-21
"대구광역시청",대구광역시 수성구 황금동 908,대구광역시 수성구 황금동 908,교통정보수집,1,41,자동차 진행 방면,,2000-12,053-803-4573,35.8450820436,128.624833396,2019-06-21
"대구광역시청",대구광역시 중구 공평동 101,대구광역시 중구 공평동 101,교통정보수집,1,41,자동차 진행 방면,,1988-08,053-803-4573,35.870117,128.600292,2019-06-21
"대구광역시청",대구광역시 중구 동문동 9-86,대구광역시 중구 동문동 9-86,교통정보수집,1,41,자동차 진행 방면,,1988-08,053-803-4573,35.871425,128.600637,2019-06-21
"대구광역시청",대구광역시 중구 동인동2가 259,대구광역시 중구 동인동2가 259,교통정보수집,1,41,자동차 진행 방면,,1988-08,053-803-4573,35.869242,128.604063,2019-06-21
"대구광역시청",대구광역시 남구 이천동 392-5,대구광역시 남구 이천동 392-5,교통정보수집,1,41,자동차 진행 방면,,1991-10,053-803-4573,35.855533,128.598278,2019-06-21
"대구광역시청",대구광역시 남구 대명동 2321-1,대구광역시 남구 대명동 2321-1,교통정보수집,1,41,자동차 진행 방면,,1988-08,053-803-4573,35.8537146709,128.5922847258,2019-06-21
"대구광역시청",대구광역시 중구 남산동 697-1,대구광역시 중구 남산동 697-1,교통정보수집,1,41,자동차 진행 방면,,1988-08,053-803-4573,35.861246,128.592717,2019-06-21
"대구광역시청",대구광역시 남구 대명동 2321-1,대구광역시 남구 대명동 2321-1,교통정보수집,1,41,자동차 진행 방면,,1989-06,053-803-4573,35.8537146709,128.5922847258,2019-06-21
"대구광역시청",대구광역시 수성구 만촌동 1332,대구광역시 수성구 만촌동 1332,교통정보수집,1,41,자동차 진행 방면,,2002-04,053-803-4573,35.876600,128.644991,2019-06-21
"대구광역시청",대구광역시 남구 대명동 1291,대구광역시 남구 대명동 1291,교통정보수집,1,41,자동차 진행 방면,,2002-11,053-803-4573,35.8393146724,128.5653780135,2019-06-21
"대구광역시청",대구광역시 서구 내당동 1290,대구광역시 서구 내당동 1290,교통정보수집,1,41,자동차 진행 방면,,1989-06,053-803-4573,35.8580793954,128.557121313,2019-06-21
"대구광역시청",대구광역시 북구 태전동 991,대구광역시 북구 태전동 991,교통정보수집,1,41,자동차 진행 방면,,2002-11,053-803-4573,35.932851,128.548448,2019-06-21
"대구광역시청",대구광역시 중구 동산동 312,대구광역시 중구 동산동 312,교통정보수집,1,41,자동차 진행 방면,,2089-06,053-803-4573,35.866438,128.587642,2019-06-21
"대구광역시청",대구광역시 중구 봉산동 127-1,대구광역시 중구 봉산동 127-1,교통정보수집,1,41,자동차 진행 방면,,1988-08,053-803-4573,35.8648810,128.5966953,2019-06-21
"대구광역시청",대구광역시 중구 대봉동 654-1,대구광역시 중구 대봉동 654-1,교통정보수집,1,41,자동차 진행 방면,,1988-08,053-803-4573,35.863207,128.602722,2019-06-21
"대구광역시청",대구광역시 수성구 수성4가 1186-99,대구광역시 수성구 수성4가 1186-99,교통정보수집,1,41,자동차 진행 방면,,1990-07,053-803-4573,35.859805,128.614098,2019-06-21
"대구광역시청",대구광역시 중구 남산동 97-3,대구광역시 중구 남산동 97-3,교통정보수집,1,41,자동차 진행 방면,,1989-06,053-803-4573,35.864913,128.582362,2019-06-21
"대구광역시청",대구광역시 수성구 지산동 1086,대구광역시 수성구 지산동 1086,교통정보수집,1,41,자동차 진행 방면,,2007-06,053-803-4573,35.8371472,128.6273862,2019-06-21
"대구광역시청",대구광역시 동구 신천동 845-19,대구광역시 동구 신천동 845-19,교통정보수집,1,41,자동차 진행 방면,,2007-06,053-803-4573,35.867887,128.618406,2019-06-21
"대구광역시청",대구광역시 달서구 진천동 790-2,대구광역시 달서구 진천동 790-2,교통정보수집,1,41,자동차 진행 방면,,2007-06,053-803-4573,35.810743,128.515666,2019-06-21
"대구광역시청",대구광역시 달성군 화원읍 천내리 415-7,대구광역시 달성군 화원읍 천내리 415-7,교통정보수집,1,41,자동차 진행 방면,,2007-06,053-803-4573,35.803341,128.497656,2019-06-21
"대구광역시청",대구광역시 달서구 이곡동 653-4,대구광역시 달서구 이곡동 653-4,교통정보수집,1,41,자동차 진행 방면,,2007-06,053-803-4573,35.851798,128.507288,2019-06-21
"대구광역시청",대구광역시 북구 매천동 618-1,대구광역시 북구 매천동 618-1,교통정보수집,1,41,자동차 진행 방면,,2008-04,053-803-4573,35.912906,128.541662,2019-06-21
"대구광역시청",대구광역시 동구 봉무동 1581,대구광역시 동구 봉무동 1581,교통정보수집,1,41,자동차 진행 방면,,2011-02,053-803-4573,35.926938,128.641253,2019-06-21
"대구광역시청",대구광역시 달성군 다사읍 죽곡리 311-62,대구광역시 달성군 다사읍 죽곡리 311-62,교통정보수집,1,41,자동차 진행 방면,,2011-09,053-803-4573,35.853497,128.471802,2019-06-21
"대구광역시청",대구광역시 달성군 현풍면 상리 50-1,대구광역시 달성군 현풍면 상리 50-1,교통정보수집,1,41,자동차 진행 방면,,2013-08,053-803-4573,35.7056373808,128.455012007,2019-06-21
"대구광역시청",대구광역시 달성군 현풍면 상리 50-1,대구광역시 달성군 현풍면 상리 50-1,교통정보수집,1,41,자동차 진행 방면,,2013-08,053-803-4573,35.7056373808,128.455012007,2019-06-21
"대구광역시청",대구광역시 달성군 현풍면 상리 50-1,대구광역시 달성군 현풍면 상리 50-1,교통정보수집,1,41,자동차 진행 방면,,2013-08,053-803-4573,35.7056373808,128.455012007,2019-06-21
"대구광역시청",대구광역시 달성군 현풍면 상리 50-1,대구광역시 달성군 현풍면 상리 50-1,교통정보수집,1,41,자동차 진행 방면,,2013-08,053-803-4573,35.7056373808,128.455012007,2019-06-21
"대구광역시청",대구광역시 달성군 현풍면 상리 50-1,대구광역시 달성군 현풍면 상리 50-1,교통정보수집,1,41,자동차 진행 방면,,2013-08,053-803-4573,35.7056373808,128.455012007,2019-06-21
"대구광역시청",대구광역시 달성군 현풍면 상리 50-1,대구광역시 달성군 현풍면 상리 50-1,교통정보수집,1,41,자동차 진행 방면,,2013-08,053-803-4573,35.7056373808,128.455012007,2019-06-21
"대구광역시청",대구광역시 동구 신서동 1143,대구광역시 동구 신서동 1143,교통정보수집,1,41,자동차 진행 방면,,2014-06,053-803-4573,35.8810082222,128.7298951970,2019-06-21
"대구광역시청",대구광역시 동구 신서동 1143,대구광역시 동구 신서동 1143,교통정보수집,1,41,자동차 진행 방면,,2014-06,053-803-4573,35.8810082222,128.7298951970,2019-06-21
"대구광역시청",대구광역시 동구 신서동 1143,대구광역시 동구 신서동 1143,교통정보수집,1,41,자동차 진행 방면,,2014-06,053-803-4573,35.8810082222,128.7298951970,2019-06-21
"대구광역시청",대구광역시 동구 신서동 1143,대구광역시 동구 신서동 1143,교통정보수집,1,41,자동차 진행 방면,,2014-06,053-803-4573,35.8810082222,128.7298951970,2019-06-21
"대구광역시청",대구광역시 동구 신서동 1143,대구광역시 동구 신서동 1143,교통정보수집,1,41,자동차 진행 방면,,2014-06,053-803-4573,35.8810082222,128.7298951970,2019-06-21
"대구광역시청",대구광역시 동구 신서동 1143,대구광역시 동구 신서동 1143,교통정보수집,1,41,자동차 진행 방면,,2014-06,053-803-4573,35.8810082222,128.7298951970,2019-06-21
"대구광역시청",대구광역시 수성구 고모동 233-2,대구광역시 수성구 고모동 233-2,교통정보수집,1,200,자동차 진행 방면,,2014-04,053-803-4573,35.855098,128.680098,2019-06-21
"대구광역시청",대구광역시 동구 능성동 78-2,대구광역시 동구 능성동 78-2,교통정보수집,1,200,자동차 진행 방면,,2014-04,053-803-4573,35.966532,128.730715,2019-06-21
"대구광역시청",대구광역시 동구 덕곡동 56,대구광역시 동구 덕곡동 56,교통정보수집,1,200,자동차 진행 방면,,2014-04,053-803-4573,35.992603,128.614742,2019-06-21
"대구광역시청",대구광역시 달성군 하빈면 감문리 산 4-6,대구광역시 달성군 하빈면 감문리 산 4-6,교통정보수집,1,200,자동차 진행 방면,,2014-04,053-803-4573,35.880043,128.459621,2019-06-21
"대구광역시청",경상북도 청도군 각북면 금천리 산 132-6,경상북도 청도군 각북면 금천리 산 132-6,교통정보수집,1,200,자동차 진행 방면,,2014-04,053-803-4573,35.729332,128.560114,2019-06-21
"대구광역시청",대구광역시 북구 신암동 645-4,대구광역시 북구 신암동 645-4,교통정보수집,1,200,자동차 진행 방면,,2015-09,053-803-4573,35.892450,128.622165,2019-06-21
"대구광역시청",대구광역시 달서구 장기동 79-5,대구광역시 달서구 장기동 79-5,교통정보수집,1,41,자동차 진행 방면,,2011-07,053-803-4573,35.849782,128.521782,2019-06-21
"대구광역시청",대구광역시 서구 상리동 산 105-2,대구광역시 서구 상리동 산 105-2,교통정보수집,1,41,자동차 진행 방면,,2011-07,053-803-4573,35.880427,128.529663,2019-06-21
"대구광역시청",대구광역시 북구 서변동 1290-44,대구광역시 북구 서변동 1290-44,교통정보수집,1,200,자동차 진행 방면,,2014-08,053-803-4573,35.909264,128.599707,2019-06-21
"대구광역시청",대구광역시 동구 지저동 207-2,대구광역시 동구 지저동 207-2,교통정보수집,1,200,자동차 진행 방면,,2014-08,053-803-4573,35.906597,128.640408,2019-06-21
"대구광역시청",대구광역시 동구 동호동 243,대구광역시 동구 동호동 243,교통정보수집,1,200,자동차 진행 방면,,2014-08,053-803-4573,35.866024,128.713599,2019-06-21
"대구광역시청",대구광역시 동구 신기동 840-27,대구광역시 동구 신기동 840-27,교통정보수집,1,200,자동차 진행 방면,,2014-08,053-803-4573,35.869753,128.692794,2019-06-21
"대구광역시청",대구광역시 남구 이천동 121-380,대구광역시 남구 이천동 121-380,교통정보수집,1,200,자동차 진행 방면,,2014-08,053-803-4573,35.854902,128.607952,2019-06-21
"대구광역시청",대구광역시 달성군 논공읍 위천리 195-10,대구광역시 달성군 논공읍 위천리 195-10,교통정보수집,1,200,자동차 진행 방면,,2014-08,053-803-4573,35.760470,128.398886,2019-06-21
"대구광역시청",대구광역시 달서구 신당동 1040-5,대구광역시 달서구 신당동 1040-5,교통정보수집,1,200,자동차 진행 방면,,2014-08,053-803-4573,35.851466,128.492011,2019-06-21
"대구광역시청",대구광역시 달서구 월성동 19,대구광역시 달서구 월성동 19,교통정보수집,1,200,자동차 진행 방면,,2014-08,053-803-4573,35.837066,128.527588,2019-06-21
"대구광역시청",대구광역시 달서구 도원동 579-4,대구광역시 달서구 도원동 579-4,교통정보수집,1,200,자동차 진행 방면,,2014-08,053-803-4573,35.808141,128.548790,2019-06-21
"대구광역시청",대구광역시 달성군 가창면 용계리 6-6,대구광역시 달성군 가창면 용계리 6-6,교통정보수집,1,200,자동차 진행 방면,,2014-08,053-803-4573,35.8043139,128.6210874,2019-06-21
"대구광역시청",대구광역시 북구 서변동 1800,대구광역시 북구 서변동 1800,교통정보수집,1,200,자동차 진행 방면,,2014-08,053-803-4573,35.927651,128.599435,2019-06-21
"대구광역시청",대구광역시 북구 동호동 574-1,대구광역시 북구 동호동 574-1,교통정보수집,1,200,자동차 진행 방면,,2014-08,053-803-4573,35.959171,128.554272,2019-06-21
"대구광역시청",대구광역시 수성구 황금동 38-1,대구광역시 수성구 황금동 38-1,교통정보수집,1,200,자동차 진행 방면,,2014-08,053-803-4573,35.840972,128.640936,2019-06-21
"대구광역시청",대구광역시 달서구 성당동 620-7,대구광역시 달서구 성당동 620-7,교통정보수집,1,200,자동차 진행 방면,,2014-08,053-803-4573,35.843450,128.544859,2019-06-21
"대구광역시청",대구광역시 서구 상중이동 44-61,대구광역시 서구 상중이동 44-61,교통정보수집,1,200,자동차 진행 방면,,2014-08,053-803-4573,35.868675,128.537662,2019-06-21
"대구광역시청",대구광역시 동구 신암동 345-1,대구광역시 동구 신암동 345-1,교통정보수집,1,200,자동차 진행 방면,,2014-08,053-803-4573,35.8850179,128.6330107,2019-06-21
"대구광역시청",대구광역시 북구 칠성동 44-2,대구광역시 북구 칠성동 44-2,교통정보수집,1,200,자동차 진행 방면,,2014-08,053-803-4573,35.883405,128.590113,2019-06-21
"대구광역시청",대구광역시 달서구 유천동 300-29,대구광역시 달서구 유천동 300-29,교통정보수집,1,200,자동차 진행 방면,,2014-08,053-803-4573,35.814125,128.509814,2019-06-21
"대구광역시청",대구광역시 달서구 상인동 1321,대구광역시 달서구 상인동 1321,교통정보수집,1,41,자동차 진행 방면,,2011-07,053-803-4573,35.810535,128.560913,2019-06-21
"대구광역시청",대구광역시 달서구 상인1동 935-1,대구광역시 달서구 상인1동 935-1,교통정보수집,1,41,자동차 진행 방면,,2011-07,053-803-4573,35.818232,128.548711,2019-06-21
"대구광역시청",대구광역시 달서구 송현동 694,대구광역시 달서구 송현동 694,교통정보수집,1,41,자동차 진행 방면,,2011-07,053-803-4573,35.8216975,128.5544088,2019-06-21
"대구광역시청",대구광역시 달서구 송현1동 1977,대구광역시 달서구 송현1동 1977,교통정보수집,1,41,자동차 진행 방면,,2011-07,053-803-4573,35.826286,128.555632,2019-06-21
"대구광역시청",대구광역시 남구 대명동 1501-2,대구광역시 남구 대명동 1501-2,교통정보수집,1,41,자동차 진행 방면,,2011-07,053-803-4573,35.832171,128.565575,2019-06-21
"대구광역시청",대구광역시 남구 대명9동 산201-4,대구광역시 남구 대명9동 산201-4,교통정보수집,1,41,자동차 진행 방면,,2011-07,053-803-4573,35.831470,128.577111,2019-06-21
"대구광역시청",대구광역시 남구 대명동 산186,대구광역시 남구 대명동 산186,교통정보수집,1,41,자동차 진행 방면,,2011-07,053-803-4573,35.8322698,128.5837670,2019-06-21
"대구광역시청",대구광역시 남구 봉덕3동 1277-2,대구광역시 남구 봉덕3동 1277-2,교통정보수집,1,41,자동차 진행 방면,,2011-07,053-803-4573,35.832552,128.597309,2019-06-21
"대구광역시청",대구광역시 남구 봉덕동 1272-5,대구광역시 남구 봉덕동 1272-5,교통정보수집,1,41,자동차 진행 방면,,2011-07,053-803-4573,35.833217,128.600574,2019-06-21
"대구광역시청",대구광역시 달서구 송현동 1044-2,대구광역시 달서구 송현동 1044-2,교통정보수집,1,41,자동차 진행 방면,,2011-07,053-803-4573,35.837616,128.557529,2019-06-21
"대구광역시청",대구광역시 달서구 감산동 440-2,대구광역시 달서구 감산동 440-2,교통정보수집,1,41,자동차 진행 방면,,2011-07,053-803-4573,35.850156,128.537257,2019-06-21
"대구광역시청",대구광역시 달성군 구지면 응암리 1202-12,대구광역시 달성군 구지면 응암리 1202-12,교통정보수집,1,200,자동차 진행 방면,,2016-09,053-803-4573,35.656490,128.415901,2019-06-21
